{"TEMP": {
    "global_range": {
        "minval": -2.5,
        "maxval": 40
        },
    "woa_normbias": {
        "threshold": 10
        },
    "anomaly_detection": {
        "threshold": -18.0,
            "features": {
                "gradient": {
                    "model": "exponweib",
		    "qlimit": 0.013500,
		    "param": [1.431385, 0.605537, 0.013500, 0.015567]
		    },
                "spike": {
                    "model": "exponweib",
		    "qlimit": 0.000400,
		    "param": [1.078231, 0.512053, 0.000400, 0.002574]
		    },
		"tukey53H_norm": {
                    "model": "exponweib",
                        "qlimit": 0.001614,
			"param": [4.497367, 0.351177, 0.001612, 0.000236]
			},
                "rate_of_change": {
                    "model": "exponweib",
		    "qlimit": 0.041700,
		    "param": [2.668970, 0.469459, 0.041696, 0.017221]
		    },
                "woa_normbias": {
                    "model": "exponweib",
		    "qlimit": 1.615422,
		    "param": [0.899871, 0.987157, 1.615428, 0.662358]
		    }
		}
	}
    },
"PSAL": {
	"anomaly_detection": {
		"threshold": -37.4,
		"features": {
			"spike": {
				"model": "exponweib",
				"qlimit": 0.000300,
				"param": [3.279995, 0.266685, 0.000300, 0.000131]
			},
			"tukey53H_norm": {
				"model": "exponweib",
				"qlimit": 0.001090,
			       	"param": [2.115739, 0.471285, 0.001110, 0.000705]
			}
		}
	}
    }
}
