{
    "revision": "0.21",
    "variables": {
        "sea_water_temperature": {
            "global_range": {"minval": -2.5, "maxval": 40},
            "woa_normbias": {"threshold": 10},
            "anomaly_detection": {
                "threshold": -18.0,
                "features": {
                    "gradient": {
                        "model": "exponweib",
                        "qlimit": 0.011202,
                        "param": [13.37195, 0.245429, 0.011027, 0.000161]
                    },
                    "spike": {
                        "model": "exponweib",
                        "qlimit": 0.004,
                        "param": [2.724854, 0.16998, 0.001, 4.4e-05]
                    },
                    "tukey53H_norm": {
                        "model": "exponweib",
                        "qlimit": 0.001614,
                        "param": [4.497367, 0.351177, 0.001612, 0.000236]
                    },
                    "rate_of_change": {
                        "model": "exponweib",
                        "qlimit": 0.036701,
                        "param": [1.478929, 0.523945, 0.036701, 0.045529]
                    },
                    "woa_normbias": {
                        "model": "exponweib",
                        "qlimit": 1.707276,
                        "param": [5.960434, 0.336008, 1.705502, 0.04268]
                    },
                    "cars_normbias": {
                        "model": "exponweib",
                        "qlimit": 1.809731,
                        "param": [0.96774, 0.80382, 1.80973, 0.980883]
                    },
                    "constant_cluster_size": {
                        "model": "exponweib",
                        "qlimit": 4.0,
                        "param": [2.819822, 0.234766, 4.0, 0.702378]
                    }
                }
            }
        },
        "sea_water_salinity": {
            "anomaly_detection": {
                "threshold": -37.4,
                "features": {
                    "spike": {
                        "model": "exponweib",
                        "qlimit": 0.0003,
                        "param": [3.279995, 0.266685, 0.0003, 0.000131]
                    },
                    "tukey53H_norm": {
                        "model": "exponweib",
                        "qlimit": 0.00109,
                        "param": [2.115739, 0.471285, 0.00111, 0.000705]
                    }
                }
            }
        }
    }
}
